Filename,Gender,Race/ethnicity,Age
00055.png,unknown,unknown,-1
00237.png,unknown,unknown,-1
00240.png,unknown,unknown,-1
00241.png,unknown,unknown,-1
00242.png,unknown,unknown,-1
00243.png,unknown,unknown,-1
00244.png,unknown,unknown,-1
00245.png,unknown,unknown,-1
00246.png,unknown,unknown,-1
00247.png,unknown,unknown,-1
00248.png,unknown,unknown,-1
00249.png,unknown,unknown,-1
00253.png,unknown,unknown,-1
00255.png,unknown,unknown,-1
00257.png,unknown,unknown,-1
00258.png,unknown,unknown,-1
00259.png,unknown,unknown,-1
00260.png,unknown,unknown,-1
00261.png,unknown,unknown,-1
00262.png,unknown,unknown,-1
00263.png,unknown,unknown,-1
00264.png,unknown,unknown,-1
00265.png,unknown,unknown,-1
00266.png,unknown,unknown,-1
00267.png,unknown,unknown,-1
00268.png,unknown,unknown,-1
00269.png,unknown,unknown,-1
00270.png,unknown,unknown,-1
00271.png,unknown,unknown,-1
00272.png,unknown,unknown,-1
00273.png,unknown,unknown,-1
00274.png,unknown,unknown,-1
00275.png,unknown,unknown,-1
00276.png,unknown,unknown,-1
00277.png,unknown,unknown,-1
00278.png,unknown,unknown,-1
00279.png,unknown,unknown,-1
00280.png,unknown,unknown,-1
00281.png,unknown,unknown,-1
00282.png,unknown,unknown,-1
00283.png,unknown,unknown,-1
00284.png,unknown,unknown,-1
00285.png,unknown,unknown,-1
00286.png,unknown,unknown,-1
00287.png,unknown,unknown,-1
00288.png,unknown,unknown,-1
00289.png,unknown,unknown,-1
00290.png,unknown,unknown,-1
00291.png,unknown,unknown,-1
00292.png,unknown,unknown,-1
00293.png,unknown,unknown,-1
00294.png,unknown,unknown,-1
00295.png,unknown,unknown,-1
00296.png,unknown,unknown,-1
00297.png,unknown,unknown,-1
00298.png,unknown,unknown,-1
00299.png,unknown,unknown,-1
00333.png,unknown,unknown,-1
00350.png,unknown,unknown,-1
00351.png,unknown,unknown,-1
00352.png,unknown,unknown,-1
00353.png,unknown,unknown,-1
00354.png,unknown,unknown,-1
00355.png,unknown,unknown,-1
00356.png,unknown,unknown,-1
00357.png,unknown,unknown,-1
00358.png,unknown,unknown,-1
00359.png,unknown,unknown,-1
00360.png,unknown,unknown,-1
00361.png,unknown,unknown,-1
00362.png,unknown,unknown,-1
00363.png,unknown,unknown,-1
00364.png,unknown,unknown,-1
00365.png,unknown,unknown,-1
00366.png,unknown,unknown,-1
00367.png,unknown,unknown,-1
00368.png,unknown,unknown,-1
00369.png,unknown,unknown,-1
00370.png,unknown,unknown,-1
00371.png,unknown,unknown,-1
00372.png,unknown,unknown,-1
00373.png,unknown,unknown,-1
00374.png,unknown,unknown,-1
00379.png,unknown,unknown,-1
00400.png,unknown,unknown,-1
00401.png,unknown,unknown,-1
00402.png,unknown,unknown,-1
00403.png,unknown,unknown,-1
00404.png,unknown,unknown,-1
00405.png,unknown,unknown,-1
00406.png,unknown,unknown,-1
00407.png,unknown,unknown,-1
00408.png,unknown,unknown,-1
00409.png,unknown,unknown,-1
00410.png,unknown,unknown,-1
00411.png,unknown,unknown,-1
00412.png,unknown,unknown,-1
00413.png,unknown,unknown,-1
00414.png,unknown,unknown,-1
00415.png,unknown,unknown,-1
00416.png,unknown,unknown,-1
00417.png,unknown,unknown,-1
00418.png,unknown,unknown,-1
00419.png,unknown,unknown,-1
00420.png,unknown,unknown,-1
00421.png,unknown,unknown,-1
00422.png,unknown,unknown,-1
00423.png,unknown,unknown,-1
00424.png,unknown,unknown,-1
00450.png,unknown,unknown,-1
